call_id,turn_id,speaker,channel,segment_id,start_time,end_time,text,sentiment_label,sentiment_score,frustration_flag,empathy_flag,probing_flag,ownership_flag,next_steps_flag,segment_duration_sec,rms_energy,peak_amplitude,rms_db,zero_crossing_rate,spectral_centroid,pitch_mean_hz,pitch_std_hz,speaking_rate_wps,volume_level,speaking_rate_level,pitch_level,frustration_flag_bool,empathy_flag_bool,probing_flag_bool,ownership_flag_bool,next_steps_flag_bool,normalized_sentiment,vocal_intensity_level,turn_risk_score,turn_main_signal,turn_risk_level,turn_reason_codes,evidence_id,signal_coverage_confidence,analytical_contract_version,risk_rubric_version,risk_score_type,risk_score_calibrated,asr_model_id,sentiment_model_id
en_AU_Travel_1593612,1,agent,channel1,1,0.0,17.92,"Good morning, thank you for calling Darling Husky Resorts.",positive,0.9504,False,False,False,False,False,17.92,0.030733,0.436523,-30.248,0.081622,1459.837,271.556,135.681,0.502,low,low,high,False,False,False,False,False,positive,medium,0,no strong signal,low,NO_STRONG_SIGNAL,en_AU_Travel_1593612:turn:1,1.0,1.0.0,conversation_risk_v1,heuristic_proxy,False,faster-whisper/small,cardiffnlp/twitter-roberta-base-sentiment-latest
en_AU_Travel_1593612,2,customer,channel2,1,0.0,29.84,"Hi Filomena, my name is Sally, um, I'm planning a ski trip",neutral,0.6255,False,False,False,False,False,29.84,0.022663,0.359344,-32.894,0.067758,1435.23,298.174,129.397,0.402,low,low,high,False,False,False,False,False,neutral,medium,5,medium customer vocal intensity,low,CUST_MEDIUM_VOCAL_INTENSITY,en_AU_Travel_1593612:turn:2,1.0,1.0.0,conversation_risk_v1,heuristic_proxy,False,faster-whisper/small,cardiffnlp/twitter-roberta-base-sentiment-latest
en_AU_Travel_1593612,3,agent,channel1,2,17.92,21.76,"This is Philomena speaking, how can I assist you today?",neutral,0.8558,False,False,True,False,False,3.84,0.042845,0.424622,-27.362,0.269967,2681.382,177.313,95.463,2.604,low,high,medium,False,False,True,False,False,neutral,medium,0,agent probing question detected,low,AGENT_PROBING,en_AU_Travel_1593612:turn:3,1.0,1.0.0,conversation_risk_v1,heuristic_proxy,False,faster-whisper/small,cardiffnlp/twitter-roberta-base-sentiment-latest
en_AU_Travel_1593612,4,customer,channel2,2,29.84,37.28,"for my family. I've got two beautiful daughters and one son. Um, and I wanted to book a ski resort",positive,0.9524,False,False,False,False,False,7.44,0.062008,0.414825,-24.151,0.130669,1375.889,174.471,76.352,2.688,medium,high,medium,False,False,False,False,False,positive,medium,5,medium customer vocal intensity,low,CUST_MEDIUM_VOCAL_INTENSITY,en_AU_Travel_1593612:turn:4,1.0,1.0.0,conversation_risk_v1,heuristic_proxy,False,faster-whisper/small,cardiffnlp/twitter-roberta-base-sentiment-latest
en_AU_Travel_1593612,5,agent,channel1,3,30.0,48.4,"Of course, I'd be happy to assist with your ski trip. Can you tell me the ages of your children please?",positive,0.8674,False,False,True,False,False,18.4,0.030536,0.484253,-30.304,0.122772,1878.831,247.112,136.447,1.141,low,low,high,False,False,True,False,False,positive,medium,0,agent probing question detected,low,AGENT_PROBING,en_AU_Travel_1593612:turn:5,1.0,1.0.0,conversation_risk_v1,heuristic_proxy,False,faster-whisper/small,cardiffnlp/twitter-roberta-base-sentiment-latest
en_AU_Travel_1593612,6,customer,channel2,3,37.28,40.56,"package for us with you. Um, can you help me with that?",neutral,0.8122,False,False,False,False,False,3.28,0.058901,0.54892,-24.598,0.146646,1539.04,168.873,88.302,3.659,medium,high,low,False,False,False,False,False,neutral,medium,5,medium customer vocal intensity,low,CUST_MEDIUM_VOCAL_INTENSITY,en_AU_Travel_1593612:turn:6,1.0,1.0.0,conversation_risk_v1,heuristic_proxy,False,faster-whisper/small,cardiffnlp/twitter-roberta-base-sentiment-latest
en_AU_Travel_1593612,7,customer,channel2,4,50.08,58.72,"So I've got two beautiful twins. Um, they're 10, both 10, both the girls are 10. They're lovely.",positive,0.9869,False,False,False,False,False,8.64,0.061197,0.556946,-24.265,0.127463,1459.715,179.203,80.913,2.083,medium,medium,medium,False,False,False,False,False,positive,medium,5,medium customer vocal intensity,low,CUST_MEDIUM_VOCAL_INTENSITY,en_AU_Travel_1593612:turn:7,1.0,1.0.0,conversation_risk_v1,heuristic_proxy,False,faster-whisper/small,cardiffnlp/twitter-roberta-base-sentiment-latest
en_AU_Travel_1593612,8,customer,channel2,5,58.72,68.4,"They're Alan Charlotte and my son, he's five. His name, his name is Ben. He's a bit of a ratbag, but",neutral,0.5308,False,False,False,False,False,9.68,0.062411,0.630768,-24.095,0.13299,1602.02,170.799,79.832,2.169,medium,medium,medium,False,False,False,False,False,neutral,medium,5,medium customer vocal intensity,low,CUST_MEDIUM_VOCAL_INTENSITY,en_AU_Travel_1593612:turn:8,1.0,1.0.0,conversation_risk_v1,heuristic_proxy,False,faster-whisper/small,cardiffnlp/twitter-roberta-base-sentiment-latest
en_AU_Travel_1593612,9,agent,channel1,4,60.0,89.84,"Absolutely, so for a party of five, can you advise on the approximate date you're wanting to book for?",neutral,0.8633,False,False,True,False,False,29.84,0.025055,0.672272,-32.022,0.067021,1483.609,288.674,138.394,0.637,low,low,high,False,False,True,False,False,neutral,medium,0,agent probing question detected,low,AGENT_PROBING,en_AU_Travel_1593612:turn:9,1.0,1.0.0,conversation_risk_v1,heuristic_proxy,False,faster-whisper/small,cardiffnlp/twitter-roberta-base-sentiment-latest
en_AU_Travel_1593612,10,customer,channel2,6,68.4,76.48,"you know, still a bit of an angel. Um, and I've also got my husband, I forgot to mention my husband,",positive,0.8847,False,False,False,False,False,8.08,0.061343,0.670227,-24.245,0.162623,1743.8,170.926,91.969,2.599,medium,medium,medium,False,False,False,False,False,positive,medium,5,medium customer vocal intensity,low,CUST_MEDIUM_VOCAL_INTENSITY,en_AU_Travel_1593612:turn:10,1.0,1.0.0,conversation_risk_v1,heuristic_proxy,False,faster-whisper/small,cardiffnlp/twitter-roberta-base-sentiment-latest
en_AU_Travel_1593612,11,customer,channel2,7,76.48,84.16,"bloody old Roger. Anyway, um, yeah, I think that's what I was meant to tell you.",negative,0.6116,False,False,False,False,False,7.68,0.063978,0.999969,-23.879,0.133785,1539.024,188.962,105.08,2.083,medium,medium,medium,False,False,False,False,False,negative,medium,20,negative customer sentiment | medium customer vocal intensity,low,CUST_NEGATIVE_SENTIMENT|CUST_MEDIUM_VOCAL_INTENSITY,en_AU_Travel_1593612:turn:11,1.0,1.0.0,conversation_risk_v1,heuristic_proxy,False,faster-whisper/small,cardiffnlp/twitter-roberta-base-sentiment-latest
en_AU_Travel_1593612,12,customer,channel2,8,88.72,94.88,I think I'm going to book for,neutral,0.8037,False,False,False,False,False,6.16,0.038744,0.610382,-28.236,0.121817,1610.627,235.044,132.861,1.136,low,low,high,False,False,False,False,False,neutral,medium,5,medium customer vocal intensity,low,CUST_MEDIUM_VOCAL_INTENSITY,en_AU_Travel_1593612:turn:12,1.0,1.0.0,conversation_risk_v1,heuristic_proxy,False,faster-whisper/small,cardiffnlp/twitter-roberta-base-sentiment-latest
en_AU_Travel_1593612,13,agent,channel1,5,90.0,110.24,"Absolutely, early August. I can have a look at potential dates, but maybe something from",neutral,0.6772,False,False,False,False,False,20.24,0.031094,0.328766,-30.147,0.080541,1458.797,269.445,133.493,0.741,low,low,high,False,False,False,False,False,neutral,medium,0,no strong signal,low,NO_STRONG_SIGNAL,en_AU_Travel_1593612:turn:13,1.0,1.0.0,conversation_risk_v1,heuristic_proxy,False,faster-whisper/small,cardiffnlp/twitter-roberta-base-sentiment-latest
en_AU_Travel_1593612,14,customer,channel2,9,97.12,106.56,"a wake in August, early August, I think.",neutral,0.9227,False,False,False,False,False,9.44,0.036121,0.51944,-28.845,0.103019,1472.026,263.113,135.894,0.847,low,low,high,False,False,False,False,False,neutral,medium,5,medium customer vocal intensity,low,CUST_MEDIUM_VOCAL_INTENSITY,en_AU_Travel_1593612:turn:14,1.0,1.0.0,conversation_risk_v1,heuristic_proxy,False,faster-whisper/small,cardiffnlp/twitter-roberta-base-sentiment-latest
en_AU_Travel_1593612,15,customer,channel2,10,106.56,120.4,"Yeah, that sounds good. Pull out the school, the kids from school for a week. You know the drill.",positive,0.4594,False,False,False,False,False,13.84,0.037249,0.543549,-28.578,0.09252,1443.382,264.379,132.823,1.373,low,medium,high,False,False,False,False,False,positive,medium,5,medium customer vocal intensity,low,CUST_MEDIUM_VOCAL_INTENSITY,en_AU_Travel_1593612:turn:15,1.0,1.0.0,conversation_risk_v1,heuristic_proxy,False,faster-whisper/small,cardiffnlp/twitter-roberta-base-sentiment-latest
en_AU_Travel_1593612,16,agent,channel1,6,110.24,123.52,"about the third until the ninth? Certainly, let me check the availability for your dates.",neutral,0.8775,False,False,True,True,False,13.28,0.044638,0.613617,-27.006,0.129457,1680.42,231.588,127.23,1.13,low,low,medium,False,False,True,True,False,neutral,low,0,agent probing question detected | agent ownership detected,low,AGENT_PROBING|AGENT_OWNERSHIP,en_AU_Travel_1593612:turn:16,1.0,1.0.0,conversation_risk_v1,heuristic_proxy,False,faster-whisper/small,cardiffnlp/twitter-roberta-base-sentiment-latest
en_AU_Travel_1593612,17,agent,channel1,7,125.12,130.64,"So we have several ski packages that we offer for our family. We have our family ski package,",neutral,0.6637,False,False,False,False,False,5.52,0.084874,0.824646,-21.424,0.219557,2097.636,158.895,83.882,3.261,high,high,low,False,False,False,False,False,neutral,high,0,no strong signal,low,NO_STRONG_SIGNAL,en_AU_Travel_1593612:turn:17,1.0,1.0.0,conversation_risk_v1,heuristic_proxy,False,faster-whisper/small,cardiffnlp/twitter-roberta-base-sentiment-latest
en_AU_Travel_1593612,18,agent,channel1,8,130.64,136.72,"which includes lodging, lift tickets, equipment rental and lessons. Would you like more information",neutral,0.9351,False,False,False,False,False,6.08,0.066774,0.588867,-23.508,0.206221,2134.751,185.984,85.305,2.303,medium,medium,medium,False,False,False,False,False,neutral,medium,0,no strong signal,low,NO_STRONG_SIGNAL,en_AU_Travel_1593612:turn:18,1.0,1.0.0,conversation_risk_v1,heuristic_proxy,False,faster-whisper/small,cardiffnlp/twitter-roberta-base-sentiment-latest
en_AU_Travel_1593612,19,customer,channel2,11,136.56,150.4,"Yeah, that'd be great. Thank you.",positive,0.9804,False,False,False,False,False,13.84,0.013264,0.353729,-37.546,0.054688,1247.148,298.952,132.609,0.434,low,low,high,False,False,False,False,False,positive,medium,5,medium customer vocal intensity,low,CUST_MEDIUM_VOCAL_INTENSITY,en_AU_Travel_1593612:turn:19,1.0,1.0.0,conversation_risk_v1,heuristic_proxy,False,faster-whisper/small,cardiffnlp/twitter-roberta-base-sentiment-latest
en_AU_Travel_1593612,20,agent,channel1,9,136.72,140.08,on that package as I believe that's the one best suited for you?,neutral,0.6497,False,False,True,False,False,3.36,0.051123,0.555969,-25.828,0.220418,2202.435,176.063,86.705,3.869,low,high,medium,False,False,True,False,False,neutral,medium,0,agent probing question detected,low,AGENT_PROBING,en_AU_Travel_1593612:turn:20,1.0,1.0.0,conversation_risk_v1,heuristic_proxy,False,faster-whisper/small,cardiffnlp/twitter-roberta-base-sentiment-latest
en_AU_Travel_1593612,21,agent,channel1,10,144.16,149.12,"Absolutely, so our family ski package includes lodging, so you'll get to stay one of our crazy",positive,0.8786,False,False,False,False,False,4.96,0.075396,0.799744,-22.453,0.232488,2324.288,167.86,72.21,3.427,high,high,low,False,False,False,False,False,positive,high,0,no strong signal,low,NO_STRONG_SIGNAL,en_AU_Travel_1593612:turn:21,1.0,1.0.0,conversation_risk_v1,heuristic_proxy,False,faster-whisper/small,cardiffnlp/twitter-roberta-base-sentiment-latest
en_AU_Travel_1593612,22,agent,channel1,11,149.12,157.36,"mountain view cabins, which can accommodate up to four people. So we also have the lift ticket,",neutral,0.6679,False,False,False,False,False,8.24,0.070031,0.944946,-23.094,0.178291,1869.783,180.789,81.998,2.063,medium,medium,medium,False,False,False,False,False,neutral,medium,0,no strong signal,low,NO_STRONG_SIGNAL,en_AU_Travel_1593612:turn:22,1.0,1.0.0,conversation_risk_v1,heuristic_proxy,False,faster-whisper/small,cardiffnlp/twitter-roberta-base-sentiment-latest
en_AU_Travel_1593612,23,agent,channel1,12,157.36,162.72,"so this includes a five-day lift ticket for the entire family, so everyone can ski",neutral,0.6059,False,False,False,False,False,5.36,0.054288,0.553528,-25.306,0.256531,2530.748,168.919,88.497,2.799,low,high,low,False,False,False,False,False,neutral,medium,0,no strong signal,low,NO_STRONG_SIGNAL,en_AU_Travel_1593612:turn:23,1.0,1.0.0,conversation_risk_v1,heuristic_proxy,False,faster-whisper/small,cardiffnlp/twitter-roberta-base-sentiment-latest
en_AU_Travel_1593612,24,agent,channel1,13,163.28,168.96,as much as they like. It includes equipment rental. We provide either ski or snowboarding,neutral,0.558,False,False,False,False,False,5.68,0.064868,0.391479,-23.759,0.179298,1874.443,178.489,81.366,2.641,medium,high,medium,False,False,False,False,False,neutral,medium,0,no strong signal,low,NO_STRONG_SIGNAL,en_AU_Travel_1593612:turn:24,1.0,1.0.0,conversation_risk_v1,heuristic_proxy,False,faster-whisper/small,cardiffnlp/twitter-roberta-base-sentiment-latest
en_AU_Travel_1593612,25,customer,channel2,12,166.56,180.4,Yeah.,neutral,0.5798,False,False,False,False,False,13.84,0.000108,0.005981,-79.307,0.031252,1147.427,328.921,127.364,0.072,low,low,high,False,False,False,False,False,neutral,medium,5,medium customer vocal intensity,low,CUST_MEDIUM_VOCAL_INTENSITY,en_AU_Travel_1593612:turn:25,1.0,1.0.0,conversation_risk_v1,heuristic_proxy,False,faster-whisper/small,cardiffnlp/twitter-roberta-base-sentiment-latest
en_AU_Travel_1593612,26,agent,channel1,14,168.96,176.72,"rentals for everyone in your family, including helmets, skis, poles and boots of all ages.",neutral,0.7861,False,False,False,False,False,7.76,0.063548,0.448547,-23.938,0.173981,1790.712,168.561,83.17,1.933,medium,medium,low,False,False,False,False,False,neutral,medium,0,no strong signal,low,NO_STRONG_SIGNAL,en_AU_Travel_1593612:turn:26,1.0,1.0.0,conversation_risk_v1,heuristic_proxy,False,faster-whisper/small,cardiffnlp/twitter-roberta-base-sentiment-latest
en_AU_Travel_1593612,27,agent,channel1,15,176.72,183.28,This package also includes a two-hour group lesson for the children. We also offer private lessons,neutral,0.6962,False,False,False,False,False,6.56,0.071315,0.614349,-22.936,0.219279,2185.492,172.352,80.534,2.439,medium,medium,medium,False,False,False,False,False,neutral,medium,0,no strong signal,low,NO_STRONG_SIGNAL,en_AU_Travel_1593612:turn:27,1.0,1.0.0,conversation_risk_v1,heuristic_proxy,False,faster-whisper/small,cardiffnlp/twitter-roberta-base-sentiment-latest
en_AU_Travel_1593612,28,customer,channel2,13,181.36,200.24,"Look, love, I want to put the kids in ski lessons for all days. Is that possible at all?",positive,0.8313,False,False,False,False,False,18.88,0.0374,0.67041,-28.543,0.06986,1251.353,265.683,137.038,1.006,low,low,high,False,False,False,False,False,positive,medium,5,medium customer vocal intensity,low,CUST_MEDIUM_VOCAL_INTENSITY,en_AU_Travel_1593612:turn:28,1.0,1.0.0,conversation_risk_v1,heuristic_proxy,False,faster-whisper/small,cardiffnlp/twitter-roberta-base-sentiment-latest
en_AU_Travel_1593612,29,agent,channel1,16,183.28,188.0,for adults if you're interested. This package is a great value because it bundles everything,positive,0.9482,False,False,False,False,False,4.72,0.073177,0.637207,-22.713,0.18171,1983.864,182.76,85.351,3.178,high,high,medium,False,False,False,False,False,positive,high,0,no strong signal,low,NO_STRONG_SIGNAL,en_AU_Travel_1593612:turn:29,1.0,1.0.0,conversation_risk_v1,heuristic_proxy,False,faster-whisper/small,cardiffnlp/twitter-roberta-base-sentiment-latest
en_AU_Travel_1593612,30,agent,channel1,17,188.0,200.8,"you'd need for a seamless experience. Absolutely, that will occur an additional cost,",neutral,0.6055,False,False,False,False,False,12.8,0.074563,0.990936,-22.55,0.149867,1864.0,236.461,136.585,1.016,high,low,high,False,False,False,False,False,neutral,high,0,no strong signal,low,NO_STRONG_SIGNAL,en_AU_Travel_1593612:turn:30,1.0,1.0.0,conversation_risk_v1,heuristic_proxy,False,faster-whisper/small,cardiffnlp/twitter-roberta-base-sentiment-latest
en_AU_Travel_1593612,31,agent,channel1,18,200.8,209.68,so we offer two-hour ski sessions either in the morning or for the afternoon. So would you like,neutral,0.8101,False,False,False,False,False,8.88,0.073671,0.777649,-22.654,0.180567,1901.041,174.251,87.603,2.027,high,medium,medium,False,False,False,False,False,neutral,medium,0,no strong signal,low,NO_STRONG_SIGNAL,en_AU_Travel_1593612:turn:31,1.0,1.0.0,conversation_risk_v1,heuristic_proxy,False,faster-whisper/small,cardiffnlp/twitter-roberta-base-sentiment-latest
en_AU_Travel_1593612,32,customer,channel2,14,201.52,206.24,"Oh yeah, that's fine.",positive,0.7575,False,False,False,False,False,4.72,0.028664,0.571716,-30.853,0.071042,1267.124,262.656,138.917,0.847,low,low,high,False,False,False,False,False,positive,medium,5,medium customer vocal intensity,low,CUST_MEDIUM_VOCAL_INTENSITY,en_AU_Travel_1593612:turn:32,1.0,1.0.0,conversation_risk_v1,heuristic_proxy,False,faster-whisper/small,cardiffnlp/twitter-roberta-base-sentiment-latest
en_AU_Travel_1593612,33,agent,channel1,19,209.68,215.92,to have a variety of times or would you like to have a consistent time?,neutral,0.8782,False,False,True,False,False,6.24,0.065816,0.737762,-23.633,0.15209,1797.375,170.431,85.817,2.404,medium,medium,medium,False,False,True,False,False,neutral,medium,0,agent probing question detected,low,AGENT_PROBING,en_AU_Travel_1593612:turn:33,1.0,1.0.0,conversation_risk_v1,heuristic_proxy,False,faster-whisper/small,cardiffnlp/twitter-roberta-base-sentiment-latest
en_AU_Travel_1593612,34,customer,channel2,15,211.36,224.32,"Look, love, they're not going to school that week. And so I believe that they should be in ski lessons",neutral,0.4713,False,False,False,False,False,12.96,0.041444,0.748016,-27.651,0.091281,1328.783,249.808,132.965,1.543,low,medium,high,False,False,False,False,False,neutral,medium,5,medium customer vocal intensity,low,CUST_MEDIUM_VOCAL_INTENSITY,en_AU_Travel_1593612:turn:34,1.0,1.0.0,conversation_risk_v1,heuristic_proxy,False,faster-whisper/small,cardiffnlp/twitter-roberta-base-sentiment-latest
en_AU_Travel_1593612,35,agent,channel1,20,218.16,245.12,"So would you like to have them in multiple ski lessons a day? As I said, we usually have a",neutral,0.9063,False,False,True,False,False,26.96,0.042399,0.794586,-27.453,0.067119,1367.812,288.258,136.199,0.742,low,low,high,False,False,True,False,False,neutral,medium,0,agent probing question detected,low,AGENT_PROBING,en_AU_Travel_1593612:turn:35,1.0,1.0.0,conversation_risk_v1,heuristic_proxy,False,faster-whisper/small,cardiffnlp/twitter-roberta-base-sentiment-latest
en_AU_Travel_1593612,36,customer,channel2,16,224.32,229.12,"when they're meant to be in school. They're going to take the whole week off school, may as",neutral,0.7067,False,False,False,False,False,4.8,0.060709,0.613678,-24.335,0.116609,1466.474,155.547,84.437,3.75,medium,high,low,False,False,False,False,False,neutral,medium,5,medium customer vocal intensity,low,CUST_MEDIUM_VOCAL_INTENSITY,en_AU_Travel_1593612:turn:36,1.0,1.0.0,conversation_risk_v1,heuristic_proxy,False,faster-whisper/small,cardiffnlp/twitter-roberta-base-sentiment-latest
en_AU_Travel_1593612,37,customer,channel2,17,229.12,235.36,"well just chuck them in some lessons anyway. So let's say, can we put them in from, you know,",neutral,0.7855,False,False,False,False,False,6.24,0.061811,0.827393,-24.179,0.140652,1520.984,161.067,80.48,3.045,medium,high,low,False,False,False,False,False,neutral,medium,5,medium customer vocal intensity,low,CUST_MEDIUM_VOCAL_INTENSITY,en_AU_Travel_1593612:turn:37,1.0,1.0.0,conversation_risk_v1,heuristic_proxy,False,faster-whisper/small,cardiffnlp/twitter-roberta-base-sentiment-latest
en_AU_Travel_1593612,38,customer,channel2,18,235.36,243.2,9 a.m. to 3.30 p.m.,neutral,0.9313,False,False,False,False,False,7.84,0.029941,0.374573,-30.475,0.048008,1153.273,265.311,140.43,0.638,low,low,high,False,False,False,False,False,neutral,medium,5,medium customer vocal intensity,low,CUST_MEDIUM_VOCAL_INTENSITY,en_AU_Travel_1593612:turn:38,1.0,1.0.0,conversation_risk_v1,heuristic_proxy,False,faster-whisper/small,cardiffnlp/twitter-roberta-base-sentiment-latest
en_AU_Travel_1593612,39,agent,channel1,21,245.12,252.48,"two-hour group lesson for children, so we do recommend not overworking the children",neutral,0.6086,False,False,False,False,False,7.36,0.079496,0.728668,-21.993,0.15607,1765.866,171.817,80.621,1.766,high,medium,medium,False,False,False,False,False,neutral,medium,0,no strong signal,low,NO_STRONG_SIGNAL,en_AU_Travel_1593612:turn:39,1.0,1.0.0,conversation_risk_v1,heuristic_proxy,False,faster-whisper/small,cardiffnlp/twitter-roberta-base-sentiment-latest
en_AU_Travel_1593612,40,agent,channel1,22,253.44,258.4,because it can be emotionally taxing and mentally taxing on them. So we could do a two-hour,neutral,0.6621,False,False,False,False,False,4.96,0.078029,0.755981,-22.155,0.175617,2008.665,174.427,69.727,3.427,high,high,medium,False,False,False,False,False,neutral,high,0,no strong signal,low,NO_STRONG_SIGNAL,en_AU_Travel_1593612:turn:40,1.0,1.0.0,conversation_risk_v1,heuristic_proxy,False,faster-whisper/small,cardiffnlp/twitter-roberta-base-sentiment-latest
en_AU_Travel_1593612,41,agent,channel1,23,258.4,263.92,"session in the morning, grant them a lunch break, which would be obviously with the parents,",neutral,0.8912,False,False,False,False,False,5.52,0.072329,0.621735,-22.814,0.170842,1837.921,163.749,83.517,2.899,high,high,low,False,False,False,False,False,neutral,high,0,no strong signal,low,NO_STRONG_SIGNAL,en_AU_Travel_1593612:turn:41,1.0,1.0.0,conversation_risk_v1,heuristic_proxy,False,faster-whisper/small,cardiffnlp/twitter-roberta-base-sentiment-latest
en_AU_Travel_1593612,42,agent,channel1,24,263.92,268.48,and then proceed sort of following up on the skills that they learnt in the morning from,neutral,0.8458,False,False,False,False,False,4.56,0.077646,0.669403,-22.198,0.175628,1905.754,170.121,73.488,3.728,high,high,low,False,False,False,False,False,neutral,high,0,no strong signal,low,NO_STRONG_SIGNAL,en_AU_Travel_1593612:turn:42,1.0,1.0.0,conversation_risk_v1,heuristic_proxy,False,faster-whisper/small,cardiffnlp/twitter-roberta-base-sentiment-latest
en_AU_Travel_1593612,43,customer,channel2,19,265.36,285.2,"Oh, I really, I really said on them being in all day, but I guess I'll just have to make",neutral,0.6139,False,False,False,False,False,19.84,0.051788,0.771942,-25.715,0.087763,1404.107,258.548,136.903,1.008,low,low,high,False,False,False,False,False,neutral,medium,5,medium customer vocal intensity,low,CUST_MEDIUM_VOCAL_INTENSITY,en_AU_Travel_1593612:turn:43,1.0,1.0.0,conversation_risk_v1,heuristic_proxy,False,faster-whisper/small,cardiffnlp/twitter-roberta-base-sentiment-latest
en_AU_Travel_1593612,44,agent,channel1,25,268.48,273.28,a morning session. They'll be able to fine-tune and practice more in an afternoon session,neutral,0.7481,False,False,False,False,False,4.8,0.07122,0.751984,-22.948,0.201004,1955.123,160.632,74.258,3.125,medium,high,low,False,False,False,False,False,neutral,medium,0,no strong signal,low,NO_STRONG_SIGNAL,en_AU_Travel_1593612:turn:44,1.0,1.0.0,conversation_risk_v1,heuristic_proxy,False,faster-whisper/small,cardiffnlp/twitter-roberta-base-sentiment-latest
en_AU_Travel_1593612,45,agent,channel1,26,273.28,282.8,if that's something you'd like to potentially book.,neutral,0.7848,False,False,False,False,False,9.52,0.028801,0.535614,-30.812,0.072857,1355.198,276.642,142.85,0.84,low,low,high,False,False,False,False,False,neutral,medium,0,no strong signal,low,NO_STRONG_SIGNAL,en_AU_Travel_1593612:turn:45,1.0,1.0.0,conversation_risk_v1,heuristic_proxy,False,faster-whisper/small,cardiffnlp/twitter-roberta-base-sentiment-latest
en_AU_Travel_1593612,46,agent,channel1,27,282.8,310.4,"Not in your parcel one, but in our main lodge, we do have an indoor pool and an indoor",neutral,0.726,False,False,False,False,False,27.6,0.065505,0.999969,-23.674,0.089353,1435.229,243.014,133.768,0.688,medium,low,high,False,False,False,False,False,neutral,medium,0,no strong signal,low,NO_STRONG_SIGNAL,en_AU_Travel_1593612:turn:46,1.0,1.0.0,conversation_risk_v1,heuristic_proxy,False,faster-whisper/small,cardiffnlp/twitter-roberta-base-sentiment-latest
en_AU_Travel_1593612,47,customer,channel2,20,285.2,294.72,"it work. I might have to bring the nanny up with us. And also, do you by any chance have a spa",neutral,0.6076,False,False,False,False,False,9.52,0.057091,0.626099,-24.869,0.183522,1943.041,181.123,89.675,2.311,medium,medium,medium,False,False,False,False,False,neutral,medium,5,medium customer vocal intensity,low,CUST_MEDIUM_VOCAL_INTENSITY,en_AU_Travel_1593612:turn:47,1.0,1.0.0,conversation_risk_v1,heuristic_proxy,False,faster-whisper/small,cardiffnlp/twitter-roberta-base-sentiment-latest
en_AU_Travel_1593612,48,customer,channel2,21,295.84,299.04,"available, a spa room available on the Lodge?",neutral,0.936,False,False,False,False,False,3.2,0.064309,0.392609,-23.835,0.11508,1319.649,190.314,81.269,2.5,medium,medium,medium,False,False,False,False,False,neutral,medium,5,medium customer vocal intensity,low,CUST_MEDIUM_VOCAL_INTENSITY,en_AU_Travel_1593612:turn:48,1.0,1.0.0,conversation_risk_v1,heuristic_proxy,False,faster-whisper/small,cardiffnlp/twitter-roberta-base-sentiment-latest
en_AU_Travel_1593612,49,agent,channel1,28,310.4,314.0,"steam room, which is a part of our fitness centre.",neutral,0.8516,False,False,False,False,False,3.6,0.087956,0.912109,-21.115,0.202667,2165.654,167.393,81.991,2.778,high,high,low,False,False,False,False,False,neutral,high,0,no strong signal,low,NO_STRONG_SIGNAL,en_AU_Travel_1593612:turn:49,1.0,1.0.0,conversation_risk_v1,heuristic_proxy,False,faster-whisper/small,cardiffnlp/twitter-roberta-base-sentiment-latest
en_AU_Travel_1593612,50,customer,channel2,22,315.92,323.28,Do you by any chance have any lodging available with a private spa?,neutral,0.9327,False,False,False,False,False,7.36,0.073123,0.571503,-22.719,0.13436,1678.489,167.807,78.512,1.766,high,medium,low,False,False,False,False,False,neutral,medium,5,medium customer vocal intensity,low,CUST_MEDIUM_VOCAL_INTENSITY,en_AU_Travel_1593612:turn:50,1.0,1.0.0,conversation_risk_v1,heuristic_proxy,False,faster-whisper/small,cardiffnlp/twitter-roberta-base-sentiment-latest
en_AU_Travel_1593612,51,agent,channel1,29,324.08,331.92,"No, we don't. That is not something that we offer.",negative,0.5902,False,False,False,False,False,7.84,0.034058,0.441376,-29.356,0.076845,1341.754,258.118,144.853,1.276,low,medium,high,False,False,False,False,False,negative,medium,8,negative agent sentiment,low,AGENT_NEGATIVE_SENTIMENT,en_AU_Travel_1593612:turn:51,1.0,1.0.0,conversation_risk_v1,heuristic_proxy,False,faster-whisper/small,cardiffnlp/twitter-roberta-base-sentiment-latest
en_AU_Travel_1593612,52,customer,channel2,23,327.84,331.28,That's okay. I guess I'll just have to deal with what you've got.,neutral,0.5746,False,False,False,False,False,3.44,0.061065,0.717377,-24.284,0.153533,1630.706,170.366,86.518,3.779,medium,high,medium,False,False,False,False,False,neutral,medium,5,medium customer vocal intensity,low,CUST_MEDIUM_VOCAL_INTENSITY,en_AU_Travel_1593612:turn:52,1.0,1.0.0,conversation_risk_v1,heuristic_proxy,False,faster-whisper/small,cardiffnlp/twitter-roberta-base-sentiment-latest
en_AU_Travel_1593612,53,agent,channel1,30,332.16,345.84,"Absolutely. So for the dates that you're looking to book, we have a winter special package, which",neutral,0.5392,False,False,False,False,False,13.68,0.065614,0.999969,-23.66,0.116254,1639.85,236.198,129.324,1.243,medium,low,high,False,False,False,False,False,neutral,medium,0,no strong signal,low,NO_STRONG_SIGNAL,en_AU_Travel_1593612:turn:53,1.0,1.0.0,conversation_risk_v1,heuristic_proxy,False,faster-whisper/small,cardiffnlp/twitter-roberta-base-sentiment-latest
en_AU_Travel_1593612,54,customer,channel2,24,333.28,337.04,"And with the food, is there a food package available at all?",neutral,0.9294,False,False,False,False,False,3.76,0.098158,0.704407,-20.161,0.153606,1594.28,192.975,69.981,3.191,high,high,medium,False,False,False,False,False,neutral,high,15,high customer vocal intensity,low,CUST_HIGH_VOCAL_INTENSITY,en_AU_Travel_1593612:turn:54,1.0,1.0.0,conversation_risk_v1,heuristic_proxy,False,faster-whisper/small,cardiffnlp/twitter-roberta-base-sentiment-latest
en_AU_Travel_1593612,55,customer,channel2,25,345.52,375.12,"Okay, beautiful. And because I am now going to",positive,0.9581,False,False,False,False,False,29.6,0.028489,0.590332,-30.906,0.042258,1188.778,307.576,132.579,0.304,low,low,high,False,False,False,False,False,positive,medium,5,medium customer vocal intensity,low,CUST_MEDIUM_VOCAL_INTENSITY,en_AU_Travel_1593612:turn:55,1.0,1.0.0,conversation_risk_v1,heuristic_proxy,False,faster-whisper/small,cardiffnlp/twitter-roberta-base-sentiment-latest
en_AU_Travel_1593612,56,agent,channel1,31,345.84,355.6,"gives you 20% off our family ski package. That also does include breakfast and dinner,",positive,0.6386,False,False,False,False,False,9.76,0.090632,0.989075,-20.854,0.209578,2083.83,162.409,76.82,1.537,high,medium,low,False,False,False,False,False,positive,medium,0,no strong signal,low,NO_STRONG_SIGNAL,en_AU_Travel_1593612:turn:56,1.0,1.0.0,conversation_risk_v1,heuristic_proxy,False,faster-whisper/small,cardiffnlp/twitter-roberta-base-sentiment-latest
en_AU_Travel_1593612,57,agent,channel1,32,356.48,364.4,"lunch. There is multiple places around, and we do have multiple restaurants within the ski resort",neutral,0.7747,False,False,False,False,False,7.92,0.076945,0.941467,-22.276,0.182345,2008.326,171.455,94.473,2.02,high,medium,medium,False,False,False,False,False,neutral,medium,0,no strong signal,low,NO_STRONG_SIGNAL,en_AU_Travel_1593612:turn:57,1.0,1.0.0,conversation_risk_v1,heuristic_proxy,False,faster-whisper/small,cardiffnlp/twitter-roberta-base-sentiment-latest
en_AU_Travel_1593612,58,agent,channel1,33,364.4,369.2,that you can seek lunch from. We also do have room service as well available.,neutral,0.7054,False,False,False,False,False,4.8,0.068448,0.497009,-23.293,0.179516,1905.466,156.478,81.261,3.125,medium,high,low,False,False,False,False,False,neutral,medium,0,no strong signal,low,NO_STRONG_SIGNAL,en_AU_Travel_1593612:turn:58,1.0,1.0.0,conversation_risk_v1,heuristic_proxy,False,faster-whisper/small,cardiffnlp/twitter-roberta-base-sentiment-latest
en_AU_Travel_1593612,59,agent,channel1,34,369.84,387.76,"Well, the lodging is available. It can accommodate up to six people. So because you are currently a",neutral,0.6592,False,False,False,False,False,17.92,0.055948,0.811584,-25.044,0.079121,1438.946,272.104,135.444,1.004,low,low,high,False,False,False,False,False,neutral,medium,0,no strong signal,low,NO_STRONG_SIGNAL,en_AU_Travel_1593612:turn:59,1.0,1.0.0,conversation_risk_v1,heuristic_proxy,False,faster-whisper/small,cardiffnlp/twitter-roberta-base-sentiment-latest
en_AU_Travel_1593612,60,customer,channel2,26,375.2,381.04,"have to bring my nanny, I'm going to have to book another room, aren't I?",neutral,0.6009,False,False,False,False,False,5.84,0.067851,0.668884,-23.369,0.115112,1471.41,171.287,79.936,2.568,medium,medium,medium,False,False,False,False,False,neutral,medium,5,medium customer vocal intensity,low,CUST_MEDIUM_VOCAL_INTENSITY,en_AU_Travel_1593612:turn:60,1.0,1.0.0,conversation_risk_v1,heuristic_proxy,False,faster-whisper/small,cardiffnlp/twitter-roberta-base-sentiment-latest
en_AU_Travel_1593612,61,agent,channel1,35,387.76,394.48,"family or a part of your five, your nanny could stay with you, or otherwise we could book an additional room if you'd like.",neutral,0.8989,False,False,False,False,False,6.72,0.062047,0.49057,-24.146,0.147857,1545.914,155.801,77.129,3.571,medium,high,low,False,False,False,False,False,neutral,medium,0,no strong signal,low,NO_STRONG_SIGNAL,en_AU_Travel_1593612:turn:61,1.0,1.0.0,conversation_risk_v1,heuristic_proxy,False,faster-whisper/small,cardiffnlp/twitter-roberta-base-sentiment-latest
en_AU_Travel_1593612,62,customer,channel2,27,396.64,401.44,"Oh, the galities say that I have to have her in separate accommodations. So I'm just going",neutral,0.8209,False,False,False,False,False,4.8,0.069721,0.663208,-23.133,0.136919,1515.328,147.983,61.001,3.542,medium,high,low,False,False,False,False,False,neutral,medium,5,medium customer vocal intensity,low,CUST_MEDIUM_VOCAL_INTENSITY,en_AU_Travel_1593612:turn:62,1.0,1.0.0,conversation_risk_v1,heuristic_proxy,False,faster-whisper/small,cardiffnlp/twitter-roberta-base-sentiment-latest
en_AU_Travel_1593612,63,agent,channel1,36,399.2,416.88,"Well, we currently have an early word booking discount of up to 15% if you reserve your package",positive,0.6849,False,False,False,False,False,17.68,0.057793,0.826752,-24.763,0.100136,1542.174,254.68,134.916,1.018,medium,low,high,False,False,False,False,False,positive,medium,0,no strong signal,low,NO_STRONG_SIGNAL,en_AU_Travel_1593612:turn:63,1.0,1.0.0,conversation_risk_v1,heuristic_proxy,False,faster-whisper/small,cardiffnlp/twitter-roberta-base-sentiment-latest
en_AU_Travel_1593612,64,customer,channel2,28,401.52,406.32,to have to do separate accommodations. So just chuck that on. But would you be able to give me a,neutral,0.8187,False,False,False,False,False,4.8,0.073768,0.701996,-22.643,0.155079,1614.102,159.401,81.759,4.167,high,high,low,False,False,False,False,False,neutral,high,15,high customer vocal intensity,low,CUST_HIGH_VOCAL_INTENSITY,en_AU_Travel_1593612:turn:64,1.0,1.0.0,conversation_risk_v1,heuristic_proxy,False,faster-whisper/small,cardiffnlp/twitter-roberta-base-sentiment-latest
en_AU_Travel_1593612,65,customer,channel2,29,406.32,417.36,seasonal discount or a package discount for that one as well?,neutral,0.9002,False,False,False,False,False,11.04,0.036038,0.59314,-28.865,0.098009,1392.866,267.449,141.68,0.996,low,low,high,False,False,False,False,False,neutral,medium,5,medium customer vocal intensity,low,CUST_MEDIUM_VOCAL_INTENSITY,en_AU_Travel_1593612:turn:65,1.0,1.0.0,conversation_risk_v1,heuristic_proxy,False,faster-whisper/small,cardiffnlp/twitter-roberta-base-sentiment-latest
en_AU_Travel_1593612,66,agent,channel1,37,416.88,424.08,"more than 30 days in advance. And so since you're booking for the winter season, that will be",neutral,0.8726,False,False,False,False,False,7.2,0.071961,0.737701,-22.858,0.195336,2096.558,174.737,95.738,2.5,medium,medium,medium,False,False,False,False,False,neutral,medium,0,no strong signal,low,NO_STRONG_SIGNAL,en_AU_Travel_1593612:turn:66,1.0,1.0.0,conversation_risk_v1,heuristic_proxy,False,faster-whisper/small,cardiffnlp/twitter-roberta-base-sentiment-latest
en_AU_Travel_1593612,67,customer,channel2,30,417.36,423.36,Okay.,neutral,0.5693,False,False,False,False,False,6.0,0.036881,0.644928,-28.664,0.065289,1209.793,288.264,142.38,0.167,low,low,high,False,False,False,False,False,neutral,medium,5,medium customer vocal intensity,low,CUST_MEDIUM_VOCAL_INTENSITY,en_AU_Travel_1593612:turn:67,1.0,1.0.0,conversation_risk_v1,heuristic_proxy,False,faster-whisper/small,cardiffnlp/twitter-roberta-base-sentiment-latest
en_AU_Travel_1593612,68,agent,channel1,38,424.08,432.96,applicable to you.,neutral,0.8576,False,False,False,False,False,8.88,0.020426,0.344086,-33.797,0.050158,1292.089,303.339,136.888,0.338,low,low,high,False,False,False,False,False,neutral,medium,0,no strong signal,low,NO_STRONG_SIGNAL,en_AU_Travel_1593612:turn:68,1.0,1.0.0,conversation_risk_v1,heuristic_proxy,False,faster-whisper/small,cardiffnlp/twitter-roberta-base-sentiment-latest
en_AU_Travel_1593612,69,customer,channel2,31,426.8,433.28,"All right, I guess I'll just have to do that. And then we're cancelling or rescheduling if my kids",neutral,0.691,False,False,False,False,False,6.48,0.10649,0.930298,-19.454,0.169145,1788.085,167.403,71.757,2.932,high,high,low,False,False,False,False,False,neutral,high,15,high customer vocal intensity,low,CUST_HIGH_VOCAL_INTENSITY,en_AU_Travel_1593612:turn:69,1.0,1.0.0,conversation_risk_v1,heuristic_proxy,False,faster-whisper/small,cardiffnlp/twitter-roberta-base-sentiment-latest
en_AU_Travel_1593612,70,customer,channel2,32,433.84,440.0,"are super naughty over the winter school holidays, I will threaten to cancel this trip.",negative,0.8772,False,False,False,False,False,6.16,0.075454,0.697418,-22.446,0.1879,1749.538,158.249,91.279,2.435,high,medium,low,False,False,False,False,False,negative,medium,20,negative customer sentiment | medium customer vocal intensity,low,CUST_NEGATIVE_SENTIMENT|CUST_MEDIUM_VOCAL_INTENSITY,en_AU_Travel_1593612:turn:70,1.0,1.0.0,conversation_risk_v1,heuristic_proxy,False,faster-whisper/small,cardiffnlp/twitter-roberta-base-sentiment-latest
en_AU_Travel_1593612,71,customer,channel2,33,441.44,445.84,"What's your cancellation policies? Because I don't want to, you know, mess myself around.",negative,0.6976,False,False,False,False,False,4.4,0.069421,0.812531,-23.17,0.187726,1833.542,146.126,83.023,3.182,medium,high,low,False,False,False,False,False,negative,medium,20,negative customer sentiment | medium customer vocal intensity,low,CUST_NEGATIVE_SENTIMENT|CUST_MEDIUM_VOCAL_INTENSITY,en_AU_Travel_1593612:turn:71,1.0,1.0.0,conversation_risk_v1,heuristic_proxy,False,faster-whisper/small,cardiffnlp/twitter-roberta-base-sentiment-latest
en_AU_Travel_1593612,72,customer,channel2,34,446.56,452.48,"I want to be like, yeah, we're not going if you do that. And I want to know my limit",negative,0.623,False,False,False,False,False,5.92,0.061817,0.5354,-24.178,0.102366,1146.925,147.819,79.299,3.378,medium,high,low,False,False,False,False,False,negative,medium,20,negative customer sentiment | medium customer vocal intensity,low,CUST_NEGATIVE_SENTIMENT|CUST_MEDIUM_VOCAL_INTENSITY,en_AU_Travel_1593612:turn:72,1.0,1.0.0,conversation_risk_v1,heuristic_proxy,False,faster-whisper/small,cardiffnlp/twitter-roberta-base-sentiment-latest
en_AU_Travel_1593612,73,customer,channel2,35,452.48,455.36,"how long I can say that for in the holidays, you know.",neutral,0.8177,False,False,False,False,False,2.88,0.056843,0.553131,-24.906,0.133419,1542.069,146.651,71.052,4.167,low,high,low,False,False,False,False,False,neutral,medium,5,medium customer vocal intensity,low,CUST_MEDIUM_VOCAL_INTENSITY,en_AU_Travel_1593612:turn:73,1.0,1.0.0,conversation_risk_v1,heuristic_proxy,False,faster-whisper/small,cardiffnlp/twitter-roberta-base-sentiment-latest
en_AU_Travel_1593612,74,agent,channel1,39,454.4,461.44,"Yeah, absolutely. So if you need to cancel or reschedule for any issues, you can do so up to 14 days",neutral,0.7721,False,False,False,False,False,7.04,0.090526,0.982025,-20.864,0.181851,2048.273,184.971,94.44,2.983,high,high,medium,False,False,False,False,False,neutral,high,0,no strong signal,low,NO_STRONG_SIGNAL,en_AU_Travel_1593612:turn:74,1.0,1.0.0,conversation_risk_v1,heuristic_proxy,False,faster-whisper/small,cardiffnlp/twitter-roberta-base-sentiment-latest
en_AU_Travel_1593612,75,agent,channel1,40,461.44,469.76,before your schedule arrival for a full refund. Cancellations made within a 14-day period of,neutral,0.8475,False,False,False,False,False,8.32,0.078621,0.732544,-22.089,0.183966,1859.951,170.289,69.722,1.803,high,medium,low,False,False,False,False,False,neutral,medium,0,no strong signal,low,NO_STRONG_SIGNAL,en_AU_Travel_1593612:turn:75,1.0,1.0.0,conversation_risk_v1,heuristic_proxy,False,faster-whisper/small,cardiffnlp/twitter-roberta-base-sentiment-latest
en_AU_Travel_1593612,76,agent,channel1,41,469.76,475.92,your arrival date will incur a 50% charge of the total booking. And then for cancellations made,neutral,0.8431,False,False,False,False,False,6.16,0.075584,0.820709,-22.431,0.18642,1917.337,164.313,68.067,2.76,high,high,low,False,False,False,False,False,neutral,high,0,no strong signal,low,NO_STRONG_SIGNAL,en_AU_Travel_1593612:turn:76,1.0,1.0.0,conversation_risk_v1,heuristic_proxy,False,faster-whisper/small,cardiffnlp/twitter-roberta-base-sentiment-latest
en_AU_Travel_1593612,77,agent,channel1,42,475.92,480.96,"within 72 hours of your arrival, the deposit is non-refundable.",neutral,0.7659,False,False,False,False,False,5.04,0.057542,0.481781,-24.8,0.166553,1812.883,162.632,88.79,1.984,medium,medium,low,False,False,False,False,False,neutral,medium,0,no strong signal,low,NO_STRONG_SIGNAL,en_AU_Travel_1593612:turn:77,1.0,1.0.0,conversation_risk_v1,heuristic_proxy,False,faster-whisper/small,cardiffnlp/twitter-roberta-base-sentiment-latest
en_AU_Travel_1593612,78,customer,channel2,36,476.64,488.32,"All right. And how much is my deposit? Actually, sorry, I haven't even asked you how much the whole",neutral,0.736,False,False,False,False,False,11.68,0.069839,0.944092,-23.118,0.1039,1461.621,240.296,131.699,1.627,medium,medium,high,False,False,False,False,False,neutral,medium,5,medium customer vocal intensity,low,CUST_MEDIUM_VOCAL_INTENSITY,en_AU_Travel_1593612:turn:78,1.0,1.0.0,conversation_risk_v1,heuristic_proxy,False,faster-whisper/small,cardiffnlp/twitter-roberta-base-sentiment-latest
en_AU_Travel_1593612,79,agent,channel1,43,484.08,499.6,"Yep, absolutely. So for your initial package that we'll be adding, that comes to a total of",positive,0.6116,False,False,False,False,False,15.52,0.077922,0.980255,-22.167,0.12369,1658.541,218.081,125.972,1.095,high,low,medium,False,False,False,False,False,positive,medium,0,no strong signal,low,NO_STRONG_SIGNAL,en_AU_Travel_1593612:turn:79,1.0,1.0.0,conversation_risk_v1,heuristic_proxy,False,faster-whisper/small,cardiffnlp/twitter-roberta-base-sentiment-latest
en_AU_Travel_1593612,80,customer,channel2,37,488.32,491.12,thing is. What are you doing?,neutral,0.926,False,False,False,False,False,2.8,0.080837,0.625732,-21.848,0.126565,1675.874,201.453,119.123,2.143,high,medium,medium,False,False,False,False,False,neutral,medium,5,medium customer vocal intensity,low,CUST_MEDIUM_VOCAL_INTENSITY,en_AU_Travel_1593612:turn:80,1.0,1.0.0,conversation_risk_v1,heuristic_proxy,False,faster-whisper/small,cardiffnlp/twitter-roberta-base-sentiment-latest
en_AU_Travel_1593612,81,agent,channel1,44,499.6,510.96,"$1,400 for the week. That is without the discount. So with the 15% off discount, it does bring it",neutral,0.7281,False,False,False,False,False,11.36,0.061351,0.75943,-24.244,0.227416,2258.46,155.002,87.751,1.673,medium,medium,low,False,False,False,False,False,neutral,medium,0,no strong signal,low,NO_STRONG_SIGNAL,en_AU_Travel_1593612:turn:81,1.0,1.0.0,conversation_risk_v1,heuristic_proxy,False,faster-whisper/small,cardiffnlp/twitter-roberta-base-sentiment-latest
en_AU_Travel_1593612,82,customer,channel2,38,505.84,534.32,"All right, all right. And when do I have to pay that by?",neutral,0.8386,False,False,False,False,False,28.48,0.024637,0.460327,-32.168,0.044999,1147.049,301.453,136.793,0.456,low,low,high,False,False,False,False,False,neutral,medium,5,medium customer vocal intensity,low,CUST_MEDIUM_VOCAL_INTENSITY,en_AU_Travel_1593612:turn:82,1.0,1.0.0,conversation_risk_v1,heuristic_proxy,False,faster-whisper/small,cardiffnlp/twitter-roberta-base-sentiment-latest
en_AU_Travel_1593612,83,agent,channel1,45,510.96,518.4,"to a total of $1,190. But if you are needing to book an additional room for your nanny,",neutral,0.9093,False,False,False,False,False,7.44,0.084797,0.654633,-21.432,0.141059,1547.619,175.28,85.746,2.419,high,medium,medium,False,False,False,False,False,neutral,medium,0,no strong signal,low,NO_STRONG_SIGNAL,en_AU_Travel_1593612:turn:83,1.0,1.0.0,conversation_risk_v1,heuristic_proxy,False,faster-whisper/small,cardiffnlp/twitter-roberta-base-sentiment-latest
en_AU_Travel_1593612,84,agent,channel1,46,518.4,525.52,"that will bring up the total, which will be another $300. So it would actually bring your total",neutral,0.7731,False,False,False,False,False,7.12,0.083544,0.807251,-21.562,0.150169,1559.392,155.309,74.714,2.528,high,medium,low,False,False,False,False,False,neutral,medium,0,no strong signal,low,NO_STRONG_SIGNAL,en_AU_Travel_1593612:turn:84,1.0,1.0.0,conversation_risk_v1,heuristic_proxy,False,faster-whisper/small,cardiffnlp/twitter-roberta-base-sentiment-latest
en_AU_Travel_1593612,85,agent,channel1,47,527.04,528.64,"to $1,400.",neutral,0.8454,False,False,False,False,False,1.6,0.054918,0.471527,-25.206,0.219545,1942.829,136.327,75.879,1.25,low,low,low,False,False,False,False,False,neutral,low,0,no strong signal,low,NO_STRONG_SIGNAL,en_AU_Travel_1593612:turn:85,1.0,1.0.0,conversation_risk_v1,heuristic_proxy,False,faster-whisper/small,cardiffnlp/twitter-roberta-base-sentiment-latest
en_AU_Travel_1593612,86,agent,channel1,48,529.04,548.16,"We can book that now if you'd like, or if you'd like to think about it. We can be booked up until 14",neutral,0.6232,False,False,False,False,False,19.12,0.08472,0.999969,-21.44,0.108178,1516.617,227.182,120.618,1.203,high,low,medium,False,False,False,False,False,neutral,medium,0,no strong signal,low,NO_STRONG_SIGNAL,en_AU_Travel_1593612:turn:86,1.0,1.0.0,conversation_risk_v1,heuristic_proxy,False,faster-whisper/small,cardiffnlp/twitter-roberta-base-sentiment-latest
en_AU_Travel_1593612,87,customer,channel2,39,536.24,565.2,"All right, all right. What I'm going to have to do is just",neutral,0.5097,False,False,False,False,False,28.96,0.027697,0.713623,-31.151,0.046679,1183.152,306.019,134.648,0.449,low,low,high,False,False,False,False,False,neutral,medium,5,medium customer vocal intensity,low,CUST_MEDIUM_VOCAL_INTENSITY,en_AU_Travel_1593612:turn:87,1.0,1.0.0,conversation_risk_v1,heuristic_proxy,False,faster-whisper/small,cardiffnlp/twitter-roberta-base-sentiment-latest
en_AU_Travel_1593612,88,agent,channel1,49,548.16,554.24,"days beforehand, but we can't guarantee that the package will still exist as it could sell out.",neutral,0.73,False,False,False,False,False,6.08,0.073157,0.8125,-22.715,0.188566,2070.625,166.868,71.119,2.796,high,high,low,False,False,False,False,False,neutral,high,0,no strong signal,low,NO_STRONG_SIGNAL,en_AU_Travel_1593612:turn:88,1.0,1.0.0,conversation_risk_v1,heuristic_proxy,False,faster-whisper/small,cardiffnlp/twitter-roberta-base-sentiment-latest
en_AU_Travel_1593612,89,agent,channel1,50,554.24,559.84,"And if it's not booked at least 30 days beforehand, you do lose the discount.",neutral,0.6045,False,False,False,False,False,5.6,0.06252,0.898956,-24.08,0.239627,2319.126,162.504,80.91,2.679,medium,high,low,False,False,False,False,False,neutral,medium,0,no strong signal,low,NO_STRONG_SIGNAL,en_AU_Travel_1593612:turn:89,1.0,1.0.0,conversation_risk_v1,heuristic_proxy,False,faster-whisper/small,cardiffnlp/twitter-roberta-base-sentiment-latest
en_AU_Travel_1593612,90,customer,channel2,40,565.36,570.64,discuss this with the hubby. But would you be able to email me all those details? Could you just tell,neutral,0.9225,False,False,False,False,False,5.28,0.074749,0.821533,-22.528,0.151464,1685.018,173.006,80.671,3.788,high,high,medium,False,False,False,False,False,neutral,high,15,high customer vocal intensity,low,CUST_HIGH_VOCAL_INTENSITY,en_AU_Travel_1593612:turn:90,1.0,1.0.0,conversation_risk_v1,heuristic_proxy,False,faster-whisper/small,cardiffnlp/twitter-roberta-base-sentiment-latest
en_AU_Travel_1593612,91,customer,channel2,41,570.64,576.08,"me those details again? First of all, sorry. And then could you also send that through to me in an",neutral,0.6187,False,False,False,False,False,5.44,0.078482,0.719055,-22.105,0.123741,1444.925,168.739,73.749,3.676,high,high,low,False,False,False,False,False,neutral,high,15,high customer vocal intensity,low,CUST_HIGH_VOCAL_INTENSITY,en_AU_Travel_1593612:turn:91,1.0,1.0.0,conversation_risk_v1,heuristic_proxy,False,faster-whisper/small,cardiffnlp/twitter-roberta-base-sentiment-latest
en_AU_Travel_1593612,92,customer,channel2,42,576.08,583.76,"email with what discount I'll be receiving with that? Then I'll send it through to my hubby,",neutral,0.8188,False,False,False,False,False,7.68,0.073428,0.805206,-22.683,0.161269,1627.798,158.914,89.586,2.214,high,medium,low,False,False,False,False,False,neutral,medium,5,medium customer vocal intensity,low,CUST_MEDIUM_VOCAL_INTENSITY,en_AU_Travel_1593612:turn:92,1.0,1.0.0,conversation_risk_v1,heuristic_proxy,False,faster-whisper/small,cardiffnlp/twitter-roberta-base-sentiment-latest
en_AU_Travel_1593612,93,customer,channel2,43,583.76,591.6,Roger. Talk about it with Roger tonight. Doesn't need much to get him going with a ski trip.,neutral,0.7281,False,False,False,False,False,7.84,0.05968,0.589661,-24.483,0.146064,1537.241,158.637,89.062,2.296,medium,medium,low,False,False,False,False,False,neutral,medium,5,medium customer vocal intensity,low,CUST_MEDIUM_VOCAL_INTENSITY,en_AU_Travel_1593612:turn:93,1.0,1.0.0,conversation_risk_v1,heuristic_proxy,False,faster-whisper/small,cardiffnlp/twitter-roberta-base-sentiment-latest
en_AU_Travel_1593612,94,agent,channel1,51,584.24,601.28,"Absolutely. So all of the details that you've requested, they will be sent in the confirmation",neutral,0.6259,False,False,False,False,False,17.04,0.044538,0.991913,-27.025,0.066363,1313.344,290.088,133.726,0.939,low,low,high,False,False,False,False,False,neutral,medium,0,no strong signal,low,NO_STRONG_SIGNAL,en_AU_Travel_1593612:turn:94,1.0,1.0.0,conversation_risk_v1,heuristic_proxy,False,faster-whisper/small,cardiffnlp/twitter-roberta-base-sentiment-latest
en_AU_Travel_1593612,95,customer,channel2,44,591.6,597.6,And then do I need to call you back? Or do I just pay online?,neutral,0.8264,False,False,False,False,False,6.0,0.074553,0.754639,-22.551,0.140264,1558.454,176.076,93.859,2.5,high,medium,medium,False,False,False,False,False,neutral,medium,5,medium customer vocal intensity,low,CUST_MEDIUM_VOCAL_INTENSITY,en_AU_Travel_1593612:turn:95,1.0,1.0.0,conversation_risk_v1,heuristic_proxy,False,faster-whisper/small,cardiffnlp/twitter-roberta-base-sentiment-latest
en_AU_Travel_1593612,96,agent,channel1,52,602.32,606.16,"or, well, the requested email. It's not a confirmation code yet. So you do have the",neutral,0.8901,False,False,False,False,False,3.84,0.090224,0.70874,-20.894,0.151751,1685.69,154.444,70.14,4.167,high,high,low,False,False,False,False,False,neutral,high,0,no strong signal,low,NO_STRONG_SIGNAL,en_AU_Travel_1593612:turn:96,1.0,1.0.0,conversation_risk_v1,heuristic_proxy,False,faster-whisper/small,cardiffnlp/twitter-roberta-base-sentiment-latest
en_AU_Travel_1593612,97,agent,channel1,53,606.16,611.04,"option to book everything. Otherwise, you can give us a call as well. But just to",neutral,0.9053,False,False,False,False,False,4.88,0.075491,0.659821,-22.442,0.18914,1978.11,174.349,87.833,3.279,high,high,medium,False,False,False,False,False,neutral,high,0,no strong signal,low,NO_STRONG_SIGNAL,en_AU_Travel_1593612:turn:97,1.0,1.0.0,conversation_risk_v1,heuristic_proxy,False,faster-whisper/small,cardiffnlp/twitter-roberta-base-sentiment-latest
en_AU_Travel_1593612,98,agent,channel1,54,611.04,617.2,"reconfirm everything that you've requested, you are seeking the family winter ski package",neutral,0.849,False,False,False,False,False,6.16,0.078191,0.831024,-22.137,0.1934,1999.18,158.129,72.912,2.11,high,medium,low,False,False,False,False,False,neutral,medium,0,no strong signal,low,NO_STRONG_SIGNAL,en_AU_Travel_1593612:turn:98,1.0,1.0.0,conversation_risk_v1,heuristic_proxy,False,faster-whisper/small,cardiffnlp/twitter-roberta-base-sentiment-latest
en_AU_Travel_1593612,99,agent,channel1,55,617.2,623.04,from the dates of the 3rd of August to the 9th of August. You'll be staying in one of our lodges,neutral,0.9261,False,False,False,False,False,5.84,0.082263,0.647827,-21.696,0.188968,1841.932,171.773,68.053,3.596,high,high,medium,False,False,False,False,False,neutral,high,0,no strong signal,low,NO_STRONG_SIGNAL,en_AU_Travel_1593612:turn:99,1.0,1.0.0,conversation_risk_v1,heuristic_proxy,False,faster-whisper/small,cardiffnlp/twitter-roberta-base-sentiment-latest
en_AU_Travel_1593612,100,customer,channel2,45,621.6,645.36,Awesome. That sounds lovely. Could you send that through to my email? Talk about it with Roger tonight,positive,0.9841,False,False,False,False,False,23.76,0.046972,0.9841,-26.563,0.062746,1243.612,279.437,137.489,0.758,low,low,high,False,False,False,False,False,positive,medium,5,medium customer vocal intensity,low,CUST_MEDIUM_VOCAL_INTENSITY,en_AU_Travel_1593612:turn:100,1.0,1.0.0,conversation_risk_v1,heuristic_proxy,False,faster-whisper/small,cardiffnlp/twitter-roberta-base-sentiment-latest
en_AU_Travel_1593612,101,agent,channel1,56,623.04,628.32,as a party of five. And we just have as requested the basic room for your nanny,neutral,0.8737,False,False,False,False,False,5.28,0.066654,0.541016,-23.524,0.199333,1957.182,165.184,80.249,3.22,medium,high,low,False,False,False,False,False,neutral,medium,0,no strong signal,low,NO_STRONG_SIGNAL,en_AU_Travel_1593612:turn:101,1.0,1.0.0,conversation_risk_v1,heuristic_proxy,False,faster-whisper/small,cardiffnlp/twitter-roberta-base-sentiment-latest
en_AU_Travel_1593612,102,agent,channel1,57,629.52,640.88,"and the total package for everything is $1,490 for your duration stay with us.",neutral,0.57,False,False,False,False,False,11.36,0.079479,0.987183,-21.995,0.17725,1970.07,208.067,123.774,1.232,high,low,medium,False,False,False,False,False,neutral,medium,0,no strong signal,low,NO_STRONG_SIGNAL,en_AU_Travel_1593612:turn:102,1.0,1.0.0,conversation_risk_v1,heuristic_proxy,False,faster-whisper/small,cardiffnlp/twitter-roberta-base-sentiment-latest
en_AU_Travel_1593612,103,agent,channel1,58,641.04,651.36,"Absolutely. We'll have that all included. So that will include details about your lodging,",neutral,0.6977,False,False,False,False,False,10.32,0.060848,0.873444,-24.315,0.092471,1512.017,249.909,127.503,1.357,medium,medium,high,False,False,False,False,False,neutral,medium,0,no strong signal,low,NO_STRONG_SIGNAL,en_AU_Travel_1593612:turn:103,1.0,1.0.0,conversation_risk_v1,heuristic_proxy,False,faster-whisper/small,cardiffnlp/twitter-roberta-base-sentiment-latest
en_AU_Travel_1593612,104,customer,channel2,46,645.36,657.12,and I'll get straight back to you.,neutral,0.7154,False,False,False,False,False,11.76,0.024259,0.756134,-32.303,0.045902,1217.43,309.64,129.842,0.595,low,low,high,False,False,False,False,False,neutral,medium,5,medium customer vocal intensity,low,CUST_MEDIUM_VOCAL_INTENSITY,en_AU_Travel_1593612:turn:104,1.0,1.0.0,conversation_risk_v1,heuristic_proxy,False,faster-whisper/small,cardiffnlp/twitter-roberta-base-sentiment-latest
en_AU_Travel_1593612,105,agent,channel1,59,651.36,657.92,"the lesson schedules, the lift tickets, and any other additional information",neutral,0.9462,False,False,False,False,False,6.56,0.07821,0.861023,-22.135,0.192537,2056.996,170.571,75.84,1.677,high,medium,medium,False,False,False,False,False,neutral,medium,0,no strong signal,low,NO_STRONG_SIGNAL,en_AU_Travel_1593612:turn:105,1.0,1.0.0,conversation_risk_v1,heuristic_proxy,False,faster-whisper/small,cardiffnlp/twitter-roberta-base-sentiment-latest
en_AU_Travel_1593612,106,agent,channel1,60,657.92,662.08,can be found on our website. So I'll send that over to you. Thank you so much for calling,positive,0.7799,False,False,False,False,False,4.16,0.074329,0.742065,-22.577,0.195421,2025.935,180.395,82.85,4.567,high,high,medium,False,False,False,False,False,positive,high,0,no strong signal,low,NO_STRONG_SIGNAL,en_AU_Travel_1593612:turn:106,1.0,1.0.0,conversation_risk_v1,heuristic_proxy,False,faster-whisper/small,cardiffnlp/twitter-roberta-base-sentiment-latest
en_AU_Travel_1593612,107,agent,channel1,61,662.08,677.12,Darlinghurst ski resorts. Have a lovely day. Thank you. Goodbye.,positive,0.9656,False,False,False,False,False,15.04,0.043416,0.594482,-27.247,0.096521,1564.897,239.077,135.762,0.665,low,low,high,False,False,False,False,False,positive,medium,0,no strong signal,low,NO_STRONG_SIGNAL,en_AU_Travel_1593612:turn:107,1.0,1.0.0,conversation_risk_v1,heuristic_proxy,False,faster-whisper/small,cardiffnlp/twitter-roberta-base-sentiment-latest
en_AU_Travel_1593612,108,customer,channel2,47,665.68,671.12,Thanks. Love you too. See you later. Bye.,positive,0.9725,False,False,False,False,False,5.44,0.054351,0.425201,-25.296,0.095749,1388.92,249.82,123.847,1.471,low,medium,high,False,False,False,False,False,positive,medium,5,medium customer vocal intensity,low,CUST_MEDIUM_VOCAL_INTENSITY,en_AU_Travel_1593612:turn:108,1.0,1.0.0,conversation_risk_v1,heuristic_proxy,False,faster-whisper/small,cardiffnlp/twitter-roberta-base-sentiment-latest
en_AU_Travel_1593612,109,customer,channel2,48,675.36,685.12,Bye.,neutral,0.6078,False,False,False,False,False,9.76,0.061315,0.999969,-24.249,0.053186,1189.115,287.48,139.505,0.102,medium,low,high,False,False,False,False,False,neutral,medium,5,medium customer vocal intensity,low,CUST_MEDIUM_VOCAL_INTENSITY,en_AU_Travel_1593612:turn:109,1.0,1.0.0,conversation_risk_v1,heuristic_proxy,False,faster-whisper/small,cardiffnlp/twitter-roberta-base-sentiment-latest
